ordernumber|sapnumber|sap_unit|name|description_long|supplier|tax|ballaststoffe|eiweissp100gml|fettefettungsaeurenp100gml|energiekcalp100gml|energiekjp100gml|fettp100gml|fettefettgsaeurenp100gml|kohlhyalkp100gml|kohlstrp100gml|kohlzkrp100gml|kohlp100gml|fettefettmgsaeurenp100gml|salz100gml|alkgeh|mainimage_filename|entallerg|mentallerg|zutaten|bio|vegan|vegetarisch|laktosefrei|glutenfrei|fairtrade|pfandpflicht|pfandbetrag|artikeltyp|fsk|inverkehrbringer|grundpreispflicht|grundpreisinhalt|grundpreismasseinheit|grundeinheit|verpackungseinheit|groupid|active|bontext|sapwgr|herkunftsland|pfand_1_sapnumber|pfand_1_plu|pfand_1_count|pfand_1_amount|pfand_2_sapnumber|pfand_2_plu|pfand_2_count|pfand_2_amount|handelsklasse|einzelgewicht|herkunftsland_o_g|nonfoodingredients|warnhinweise|verwendungshinweise|Temperaturbedingung|Pickzone|orderlimit|pet_feeding_table|SAP-WGR|Zusatzkategorie|Altersempfehlung|NOS Artikel|Classification_ID|
8001090967688|4496685|ST|Windeln Baby Dry Pants Gr. 5 Junior|Pampers BABY DRY PANTS Windeln Gr.5 Junior 12-17kg Einzelpack 26ST|Pampers|16|||||||||||||||8001090967688_1901017.jpg;8001090967688_1917720.jpg;8001090967688_1917756.jpg;8001090967688_1917839.jpg;8001090967688_1917867.jpg;8001090967688_2035911.jpg||||0|0|0|0|0|0|||Windeln|keine Altersfreigabe|PROCTER & GAMBLE GMBH, SULZBACHER STR. 40, 65823 SCHWALBACH, Deutschland|0|26|Stück|1|Stück|19|1|Pampers Baby Dry|826|Deutschland||||||||||||Polyacrylate, Polypropylene, Cellulose, Adhesives, Polyethylene, Polyester, Elastics, Lotion, Pigments|Um Erstickungs- und Erwürgungsgefahr zu vermeiden, halten Sie sämtliche Verpackungsmaterialien von Babys und Kindern fern.||ungekühlt|Trocken|10||826W0900||||cls_de_cc_B20200|
8001090918314|5149868|ST|Windeln Baby Dry Gr. 6 extra large Dreier-Pack|Pampers BABY DRY Windeln Gr.6 Extra Large 13-18kg 3er P.78ST|Pampers|16|||||||||||||||8001090918314_1903583.jpg;8001090918314_1649271.jpg||||0|0|0|0|0|0|||Windeln|keine Altersfreigabe|PROCTER & GAMBLE GMBH, SULZBACHER STR. 40, 65823 SCHWALBACH, Deutschland|0|78|Stück|1|Stück|19|1|Pampers Baby Dry|826|Deutschland||||||||||||Petrolatum, Stearyl Alcohol, Paraffinum Liquidum, Aloe Barbadensis Leaf Extract|Um Erstickungs- und Erwürgungsgefahr zu vermeiden, halten Sie sämtliche Verpackungsmaterialien von Babys und Kindern fern.||ungekühlt|Trocken|10||826W0920||||cls_de_cc_B20200|
8712561315975|3958661|ST|Deospray "Original"|Dove Deospray für 48 Stunden Schutz Original 0% Alkohol 150 ml 1 Stück|Dove|16|||||||||||||||8712561315975_2067190.jpg||||0|0|0|0|0|0|||Deosprays|keine Altersfreigabe|UNILEVER DEUTSCHLAND GMBH, AM STRANDKAI 1, 20457 HAMBURG, Deutschland|1|150|ml|100|Stück|13|1|Deo Deo Original|645|Vereinigtes Königreich||||||||||||Butane, Isobutane, Propane, Aluminum Chlorohydrate, Cyclopentasiloxane, PPG-14 Butyl Ether, Parfum, Helianthus Annuus Seed Oil, C12-15 Alkyl Benzoate, Disteardimonium Hectorite, Octyldodecanol, BHT, Dimethiconol, Propylene Carbonate, PEG-4, Alpha-Isomethyl Ionone, Benzyl Alcohol, Benzyl Salicylate, Butylphenyl Methylpropional, Citronellol, Coumarin, Eugenol, Geraniol, Hexyl Cinnamal, Linalool.|||ungekühlt|Trocken|50||645W1150||||cls_de_cc_K10200|
4304218607737|3601137|ST|Feuchtes Toilettenpapier Kamille, Nachfüllpack||Natuvell|16|||||||||||||||39664047.jpg;41274527.jpg||||0|0|0|0|0|0|||Feucht|keine Altersfreigabe|Globus SB-Warenhaus Holding GmbH & Co. KG, Leipziger Str. 8, 66606 St. Wendel, Deutschland|1|70|Stück|10|Stück|13|1|natuvell ft. Toipa|644||||||||||||||||ungekühlt|Trocken|2||644W0551||||cls_de_cc_K30100|
5054563039361|5641179|ST|Zahnbürste Zwischenzahn, mittel|Dr. BEST Zwischenzahn Mittel Zahnbürste|Dr. Best|16|||||||||||||||5054563039361_1531834.jpg||||0|0|0|0|0|0|||""|keine Altersfreigabe|GLAXOSMITHKLINE CONSUMER, BARTHSTR. 4, 80339 MÜNCHEN, Deutschland|0|1|Stück|0|Stück|13|1|Dr. Best Zahnbürste|645|Deutschland|||||||||||||||ungekühlt|Trocken|50||645W0250||||cls_de_cc_K40200|
4005900109231|4253377|ST|After Shave Balsam, sensitiv|FLORENA MEN AS BALSAM SENS 100ML SENSITIV EMPFINDLICHE HAUT|Florena|16|||||||||||||||4005900109231_505772.jpg;4005900109231_1081166.jpg;4005900109231_1081167.jpg;4005900109231_1081169.jpg;4005900109231_20000068599.jpg;4005900109231_20000190446.jpg;4005900109231_20000207208.jpg;4005900109231_20000208978.jpg;4005900109231_20000216498.jpg;4005900109231_20000233088.jpg||||0|0|0|0|0|0|||After Shave & Rasurpflege|keine Altersfreigabe|BEIERSDORF AG, UNNASTR. 48, 20253 HAMBURG, Deutschland|1|100|ml|100|Stück|13|1|Florena After Shave|647|Deutschland||||||||||||Aqua, Glycerin, Isopropyl Palmitate, Tapioca Starch, Panthenol, Aloe Barbadensis Leaf Juice Powder, Tocopheryl Acetate, Allantoin, Polyglyceryl-10 Stearate, Sodium Carbomer, Piroctone Olamine, Phenoxyethanol, Methylparaben, Parfum|||ungekühlt|Trocken|50||647W0650||||cls_de_cc_K10400|
8001090510327|5419322|ST|Geschirrspülmittel, Original|Fairy Handspuelmittel Konzentrat Original 450ml|Fairy|16|||||||||||||||8001090510327_1935053.jpg;8001090510327_1652998.jpg;8001090510327_2012373.jpg||||0|0|0|0|0|0|||""|keine Altersfreigabe|PROCTER & GAMBLE GMBH, SULZBACHER STR. 40, 65823 SCHWALBACH, Deutschland|1|450|ml|100|Stück|9|1|Fairy HGSM 450ml|650|Deutschland||||||||||||15-30% Anionische Tenside, 5-15% Nichtionische Tenside, Methylisothiazolinone, Phenoxyethanol, Duftstoffe|Verursacht schwere Augenschäden. Schädlich für Wasserorganismen, mit langfristiger Wirkung. Darf nicht in die Hände von Kindern gelangen. Bei Kontakt mit den Augen: Einige Minuten lang behutsam mit Wasser spülen. Eventuell vorhandene Kontaktlinsen nach Möglichkeit entfernen. Weiter spülen. Bei anhaltender Augenreizung: Ärztlichen Rat einholen/ärztliche Hilfe hinzuziehen. Behälter entsprechend den örtlichen Vorschriften der Entsorgung zuführen.|Dosierung: 3ml (1 Teelöffel) auf 5l Wasser|ungekühlt|Trocken|50||650W0240||||cls_de_cc_H30100|
4015000963084|4797249|ST|WC Kraft-Aktiv Duftspüler, Blauspüler Chlor|KRAFT-AKTIV BLAUSP. CHLOR|WC Frisch|16|||||||||||||||4015000963084_1655783.jpg;4015000963084_1963391.jpg||||0|0|0|0|0|0|||WC-Steine & Gele|keine Altersfreigabe|HENKEL WASCH &, HENKEL STR. 67, 40191 DUESSELDORF, Deutschland|1|1|Stück|1|Stück|9|1|WC Fr. Kraft-Aktiv|650|Deutschland|||||||||||||||ungekühlt|Trocken|50||650W0490||||cls_de_cc_H20100|
4304218618238|5390220|ST|Farb- & Schmutzfangtücher||Globus|16|||||||||||||||4304218618238_10000087698.jpg||||0|0|0|0|0|0|||""|keine Altersfreigabe|Globus SB-Warenhaus Holding GmbH & Co. KG, Leipziger Str. 8, 66606 St. Wendel, Deutschland|1|25|Stück|10|Stück|9|1|Globus Farbfangtüch.|650|Deutschland|||||||||||||||ungekühlt|Trocken|50||650W0190||||cls_de_cc_H10300|
5410076545476|3328512|ST|Trockene Wischtücher, Original|Swiffer Wischtuecher trocken TROCKEN NF 36er|Swiffer|16|||||||||||||||5410076545476_1916844.jpg||||0|0|0|0|0|0|||Besen & Wischer|keine Altersfreigabe|PROCTER & GAMBLE GMBH, SULZBACHER STR. 40, 65823 SCHWALBACH, Deutschland|0|36|Stück|10|Stück|9|1|Swiffer trocken 36er|655|Deutschland||||||||||||||1. Bodenstab einfach zusammenstecken 2. Tuch anbringen 3. Einfach drauflos wischen|ungekühlt|Trocken|50||655W1110||||cls_de_cc_H20300|
8719200043145|5316089|ST|Halbfettmargarine 37% Fett|LÄTTA Original 250g|LÄTTA|5||0.5 g||356 kcal|1483 KJ|39.0 g|14.0 g|||0.5 g|1.8 g||0.52 g||45173169.jpg|Milch und Milchderivate||Zutaten: Trinkwasser, pflanzliche Fette und Öle (Palm, Shea Raps, Sonnenblumen, in veränderlichen Gewichtsanteilen), 10% BUTTERMILCH, modifizierte Stärke, Speisesalz (0,5%), Emulgatoren (Mono- und Diglyceride von Speisefettsäuren, Lecithine), Konservierungsstoff (Kaliumsorbat), Säuerungsmittel (Milchsäure), natürliche Aromen, Vitamine (A, D), Farbstoff (Carotin).|0|0|0|0|0|0|||""||UNILEVER DEUTSCHLAND GMBH, AM STRANDKAI 1, 20457 HAMBURG, Deutschland|1|250|g|100|Stück|2|1|Lätta 250g|635|Niederlande|||||||||||||||+5 bis +7 °C|Frische|50||635W2800||||cls_de_cc_230300|
4250241201261|2210484|ST|Rahm-Gemüse "Königsgemüse", tiefgekühlt|iglo Rahm-Gemüse Königsgemüse 500g|Iglo|5|1.6 g|2.0 g||56 kcal|233 KJ|2.6 g|1.1 g|||3.1 g|5.3 g||0.61 g||4250241201261_1811086.jpg;41266281.jpg;4250241201261_1944149.jpg|||Zutaten: Gemüse in veränderlichen Gewichtsanteilen (64%) (Karotten, Blumenkohl, Brokkoli), Wasser, fettarme MILCH, SAHNE (9%),WEIZENMEHL, CRÈME FRAÎCHE, Stärke, Sonnenblumenöl, Salz, Petersilie, Pfeffer, Muskat.|0|0|0|0|0|0|||""||IGLO GMBH, OSTERBEKSTR. 90 C, 22083 HAMBURG, Deutschland|1|0.5|kg|1|Stück|5|1|Rahm-Königsgemüse|632|Deutschland|||||||||||||||-99 bis -18 °C|Tiefkühl|50||632W0200||||cls_de_cc_460200|
4002468189101|5126283|ST|Käsescheiben, Duo|Grünländer Scheiben Duo 120g T10 48% Fett i.Tr.|Grünländer|5||25.0 g||361 kcal|1498 KJ|29.0 g|19.0 g|||0.5 g|0.5 g||0.8 g||4002468189101_1404007.jpg|Milch und Milchderivate||Zutaten: MILCH, Farbstoff Carotin, mikrobielles Lab, Kulturen, Speisesalz.|0|0|0|0|0|0|||Käsescheiben||HOCHLAND DEUTSCHLAND GMBH, KEMPTENER STR. 17, 88178 HEIMENKIRCH, Deutschland|1|120|g|100|Stück|2|1|GL Scheiben Duo|635|Deutschland|||||||||||||||+5 bis +7 °C|Frische|50||635W0300||||cls_de_cc_210100|
5760466896467|2263995|ST|Finello Käse gerieben, Gratin|Finello Gratinkäse 150g|Arla|5||24.0 g||314 kcal|1305 KJ|23.0 g|14.0 g|||0.6 g|2.8 g||1.5 g||5760466896467_1040915.jpg|Milch und Milchderivate||Zutaten: KÄSE, Kartoffelstärke|0|0|0|0|0|0|||Reibekäse|keine Altersfreigabe|ARLA FOODS DEUTSCHLAND, WAHLERSTR. 2, 40472 DÜSSELDORF, Deutschland|1|150|g|100|Stück|2|1|FINELLO GRATINKÄSE|635|Deutschland|||||||||||||||+5 bis +7 °C|Frische|50||635W0100||||cls_de_cc_210100|
40436029|788065|ST|Hausmacher Käse ohne Kümmel|LOOSE HAUSMACHER OHNE KÜMMEL 200G|Loose|5||30.0 g||125 kcal|529 KJ|0.5 g|0.2 g|||0.1 g|0.1 g||2.7 g||40436029_1478742.jpg|Milch und Milchderivate||Zutaten: SAUERMILCHQUARK, Speisesalz, Reifungskulturen (enthalten MILCH), Schimmelkulturen (enthalten MILCH)|0|0|0|0|0|0|||Weichkäse|keine Altersfreigabe|KAESEREI LOOSE GMBH & CO., AN DEN BREITEN, 01454 LEPPERSDORF, Deutschland|1|200|g|100|Stück|2|1|LOO.HAUSM.HANDK.200G|635|Deutschland|||||||||||||||+5 bis +7 °C|Frische|50||635W1200||||cls_de_cc_210100|
4104060028359|3563432|ST|Bio Vollmilch 3,5% Fett länger haltbar|ANDECHSER NATUR Bio-Vollmilch 3,5% 1L längerfrisch|Andechser Natur|5||3.3 g||67 kcal|278 KJ|3.8 g|2.5 g|||4.8 g|4.8 g||0.13 g||4104060028359_294080.jpg;4104060028359_2072101.jpg|Milch und Milchderivate|||1|0|0|0|0|0|||""|keine Altersfreigabe|ANDECHSER MOLKEREI, BIOMILCHSTR. 1, 82346 ANDECHS, Deutschland|1|1|l|1|Stück|2|1|Bio Vollmilch 3,8%1L|634|Deutschland|||||||||||||||+5 bis +7 °C|Frische|50||634W0810||||cls_de_cc_220100|
5411188115533|4291582|ST|Soja Drink, Vanille|Alpro Sojadrink Vanille, 1 L, UHT, Tetra|Alpro|16|0.5 g|3.0 g||54 kcal|229 KJ|1.7 g|0.3 g|||6.4 g|6.5 g||0.14 g||5411188115533_950657.jpg|Sojabohne und Sojabohnenderivate||Zutaten: Wasser, Zucker, geschälte SOJABOHNEN (5,8%), Calciumcarbonat, Aromen, Meersalz, Säureregulator (Monokaliumphosphat), Karottenextrakt, Stabilisator (Gellan), Vitamine (Riboflavin (B2), B12, D2). Von Natur aus gluten- und kuhmilcheiweißfrei.|0|1|0|1|1|0|||Sojadrinks||ALPRO COMM. VA / SCA, VLAMINGSTRAAT 28, 8560 WEVELGEM, Belgien|1|1|l|1|Stück|2|1|Soya Drink Vanille|634|Deutschland||||||||||||||Gekühlt genießen!|+5 bis +7 °C|Frische|50||634W0903||||cls_de_cc_250100|
4003490323617|1739610|ST|Griechischer Joghurt, Honig|Elinas Joghurt nach griechischer Art Honig 9,4% 4x150G|Elinas|5||2.7 g||145 kcal|607 KJ|7.5 g|5.0 g|||16.5 g|16.7 g||0.15 g||41268702.jpg|||Zutaten: JOGHURT, Honigzubereitung (Honig, Zucker, Glucose-Fructose-Sirup, modifizierte Stärke, Verdickungsmittel E440, E410, Säureregulator E330, Farbstoff Beta-Carotin, Aroma), Zucker. Kann Spuren von SCHALENFRÜCHTEN enthalten.|0|0|0|0|1|0|||Fruchtjoghurts||HOCHWALD FOODS GMBH, BAHNHOFSTR. 37 - 43, 54424 THALFANG, Deutschland|1|600|g|100|Stück|2|1|JOGHURT GRIECH.ART|634|Deutschland|||||||||||||||+5 bis +7 °C|Frische|50||634W0500||||cls_de_cc_220600|
4002334113339|1941257|ST|Fruchtjoghurt "Der große Bauer", Schokobälle-Banane|Fruchtjoghurt Schokosplit Schokobälle-Banane 250g|Bauer|5||3.2 g||118 kcal|497 KJ|4.8 g|3.1 g|||14.8 g|15.6 g||0.09 g||4002334113339_1920018.jpg|Weizen und Weizenderivate;Hafer und Hafererzeugnisse;Milch und Milchderivate||Zutaten: JOGHURT mild, Zucker,  SCHOKOLADENGETREIDEBÄLLE (pflanzliches Fett (Palm), Schokoladenkuvertüre (Kakaomasse, Zucker, Kakaobutter, Emulgator: Sonnenblumenlecithine), WEIZENCRISPIS ( WEIZENVOLLKORNMEHL, Reismehl, Zucker, HAFERMEHL, jodiertes Speisesalz (Speisesalz, Kaliumjodid, Kaliumjodat)), mageres Kakaopulver, natürliches Aroma), Bananensaft aus Bananensaftkonzentrat, Banane, färbendes Pflanzenkonzentrat: Karotte; modifizierte Stärke, Verdickungsmittel: Johannisbrotkernmehl, Xanthan, Guarkernmehl;  Säureregulator: Citronensäure; natürliches Aroma.|0|0|0|0|0|0|||Fruchtjoghurts||PRIVATMOLKEREI BAUER GMBH, MOLKEREI-BAUER-STR.1 - 10, 83512 WASSERBURG, Deutschland|1|250|g|100|Stück|2|1|Der große Bauer 250g|634|Deutschland|||||||||||||||+5 bis +7 °C|Frische|50||634W0500||||cls_de_cc_220600|
4002334114312|1941260|ST|Fruchtjoghurt "Der große Bauer" weniger Kalorien, Erdbeere|Fruchtjoghurt weniger Kalorien 0,1 % 250g Erdbeere|Bauer|5||4.4 g||42 kcal|177 KJ|0.1 g|0.1 g|||5.1 g|5.8 g||0.08 g||4002334114312_1920020.jpg|Milch und Milchderivate||Zutaten: JOGHURT aus entrahmter  MILCH, Erdbeeren, Wasser, Fruktosesirup, färbendes Rote Betesaftkonzentrat, modifizierte Stärke, Säureregulatoren: Citronensäure, Natriumcitrate; natürliches Aroma, Süßungsmittel: Sucralose.|0|0|0|0|0|0|||Fruchtjoghurts||PRIVATMOLKEREI BAUER GMBH, MOLKEREI-BAUER-STR.1 - 10, 83512 WASSERBURG, Deutschland|1|250|g|100|Stück|2|1|Der große Bauer 250g|634|Deutschland|||||||||||||||+5 bis +7 °C|Frische|50||634W0500||||cls_de_cc_220600|
4002971011104|2055127|ST|Fruchtjoghurt 3,8% Fett, Kokosnuss|Almighurt Cocosnuss 150 g|Almighurt|5||3.0 g||115 kcal|483 KJ|5.0 g|3.3 g|||13.5 g|14.5 g||0.1 g||4002971011104_990269.jpg|Milch und Milchderivate|Nüsse und Nussderivate. (Kann Mandeln, Haselnüsse, Walnüsse, Cashewnüsse etc. einschließen)|Zutaten: JOGHURT mild, Zucker, Cocosnüsse, Glukose-Fruktose-Sirup, modifizierte Stärke, Aroma.    KANN SPUREN VON SCHALENFRÜCHTEN ENTHALTEN.|0|0|0|0|0|0|||Fruchtjoghurts||EHRMANN GMBH, HAUPTSTR. 19, 87770 OBERSCHÖNEGG, Deutschland|1|150|g|100|Stück|2|1|EHR.ALMIGH.3.8% 150g|634|Deutschland|||||||||||||||+5 bis +7 °C|Frische|50||634W0500||||cls_de_cc_220600|
4025839041068|4925673|ST|Buttermilchdessert, Apfelstrudel|SACHSENMILCH UNSER BUTTERMILCHDESSERT TYP APFELSTRUDEL 200G|Sachsenmilch|5||3.6 g||108 kcal|455 KJ|4.1 g|2.8 g|||13.0 g|13.4 g||0.14 g||4025839041068_1101804.jpg|Milch und Milchderivate||Zutaten: BUTTERMILCH, SAHNE, Zucker, Apfel*, Glukose-Fruktose-Sirup, Apfelsaft* aus Apfelsaftkonzentrat, Zimt, Karamellzuckersirup, Aroma. *Fruchtgehalt im Endprodukt: 3,5%|0|0|0|0|0|0|||Fruchtjoghurts|keine Altersfreigabe|SACHSENMILCH LEPPERSDORF, An den Breiten, 01454 Leppersdorf, Deutschland|1|200|g|100|Stück|2|1|Buttermilch-Dessert|634|Deutschland|||||||||||||||+5 bis +7 °C|Frische|50||634W0500||||cls_de_cc_220600|
4002971004700|4055862|ST|Frischer Naturjoghurt 3,8% Fett, 4 x 125g|Frischer Joghurt 3,8% 4x125g|Ehrmann|5||4.3 g||71 kcal|299 KJ|3.8 g|2.5 g|||5.0 g|5.0 g||0.1 g||4002971004700_1699134.jpg|||Zutaten: JOGHURT, 3,8 % Fett|0|0|0|0|0|0|||Naturjoghurts||EHRMANN GMBH, HAUPTSTR. 19, 87770 OBERSCHÖNEGG, Deutschland|1|500|g|100|Stück|2|1|Naturjoghurt 4x125g|634|Deutschland|||||||||||||||+5 bis +7 °C|Frische|50||634W0400||||cls_de_cc_220600|
4062300001473|3397924|ST|Bio Folgemilch, 2|HIPP Milchnahrung Bio: HIPP 2 Bio, nach dem 6. Monat|Hipp|5|0.1 g|1.5 g|1.6 g|70 kcal|292 KJ|3.5 g|1.1 g||1.2 g|6.8 g|8.1 g|0.8 g|0.08 g||4062300001473_1831275.jpg;4062300001473_2007798.jpg|Sojabohne und Sojabohnenderivate;Milch und Milchderivate||Zutaten: MAGERMILCH*, pflanzliche Öle* (Palmöl**, Rapsöl*, Sonnenblumenöl*), MOLKENERZEUGNIS*,LACTOSE*, Stärke*, Emulgator Lecithine* (SOJA*),  Calciumcarbonat, Vitamin C, Kaliumchlorid, L-Tryptophan, Calciumchlorid, Eisensulfat, Vitamin E, Vitamin A, Niacin, Zinkoxid, Pantothensäure, Kupfersulfat, Vitamin K, Zinksulfat, Vitamin B1, Vitamin B6, Kaliumjodat, Mangansulfat, Folsäure, Vitamin B2, Natriumselenat, Vitamin D, Biotin, Vitamin B12. * aus biologischer Erzeugung. **Bio-Palmöl aus nachhaltigem Anbau, zertifiziert von unabhängigen Kontrollstellen|1|0|0|0|1|0|||Folgemilch||HIPP GMBH & CO. VERTRIEB, GEORG-HIPP-STR. 7, 85276 PFAFFENHOFEN, Deutschland|1|0.8|kg|1|Stück|19|1|Hipp 800g, 2|827|Deutschland||||||||||||||Unsachgemäße Zubereitung oder Aufbewahrung des zubereiteten Fläschchens über einen längeren Zeitraum kann zu gesundheitlichen Beeinträchtigungen z. B. durch das Wachstum unerwünschter Keime führen. Nahrung daher vor jeder Mahlzeit frisch zubereiten und sofort füttern. Nahrungsreste nicht wieder verwenden. Flasche, Sauger und Ring gründlich reinigen.|ungekühlt|Trocken|50||827W0220||Nach 6. Monat||cls_de_cc_B10300|
4006363100025|2531519|ST|Roggenvollkornmehl|KM Roggenvollkornmehl 1kg wird extra fein gemahlen. Es eignet sich daher für Brot, Brötchen, Kuchen, Plätzchen und Waffeln.|Küchenmeister|5|12.0 g|9.0 g||315 kcal|1332 KJ|1.7 g|0.2 g|||1.0 g|60.0 g||0.01 g||4006363100025_499444.jpg;4006363100025_20000070679.jpg;4006363100025_20000194869.jpg;4006363100025_20000196207.jpg;4006363100025_20000221955.jpg|Roggen und Roggenderivate;Glutenhaltige Cerealien und ihre Derivate||Zutaten: ROGGENVOLLKORNMEHL, enthält GLUTEN|0|0|0|0|0|0|||""||FRIESSINGER MUEHLE GMBH, BRUEHLSTR. 13, 74206 BAD WIMPFEN, Deutschland|0|1|kg|1|Stück|4|1|Roggenvollk.mehl 1kg|620|Deutschland|||||||||||||||ungekühlt|Trocken|50||620W0050||||cls_de_cc_570200|
4260249140257|3952943|ST|Quetschies, Banane/Apfel/Himbeer|erdbär Freche Freunde Bio „100% Apfel, Banane & Himbeere“|erdbär Freche Freunde|5|2.7 g|0.6 g||77 kcal|320 KJ|0.5 g|0.1 g|||11.4 g|15.9 g||0.01 g||4260249140257_1674972.jpg;4260249140257_1894312.jpg;4260249140257_2037041.jpg;4260249140257_2039870.jpg|||Zutaten: Bananenpüree* (45%), Apfelpüree* (30%), Himbeerpüree* (25%). * = aus biologischem Landbau|1|0|0|0|0|0|||Quetschmus|keine Altersfreigabe|ERDBÄR GMBH, SCHÖNHAUSER ALLEE 148, 10435 BERLIN, Deutschland|0|100|g|100|Stück|19|1|FF Quetschies 100g|827|Spanien||||||||||||||Ideal als Snack für zwischendurch. Ab 1 Jahr.|ungekühlt|Trocken|50||827W1210||Ab 1 Jahr||cls_de_cc_B10200|
4062300255234|4396852|ST|Kinder Schalenmenü, Nudel ABC/Bolognese|HiPP Schalenmenü 250g: Fliegendes Nudel-ABC mit Bolognese Sauce, 1-3 Jahre|Hipp|5||2.7 g||70 kcal|292 KJ|2.4 g|0.5 g|||1.5 g|8.8 g||0.48 g||4062300255234_1797451.jpg;4062300255234_1955809.jpg|Sellerie und Selleriederivate;Weizen und Weizenderivate;Eier und Eiderivate;Glutenhaltige Cerealien und ihre Derivate||Zutaten: Gemüse* 46 % (Tomaten* 35 %, Karotten*, Zwiebeln*, SELLERIE*), Nudeln* gekocht 42 % (Wasser, HARTWEIZENGRIEß*, HÜHNEREIKLAR*, HÜHNEREI*), Rindfleisch* 5 %, Sonnenblumenöl*, Nudeln* vermahlen (HARTWEISEN), Tomatenmark*, Stärke*, jodiertes Speisesalz, Gewürze*, Antioxidationsmittel(1) (Ascorbinsäure, stark tocopherolhaltige Extrakte). *Aus biologischer Erzeugung. (1) Antioxidationsmittel werden zum Schutz der empfindlichen Nähr- und Geschmacksstoffe eingesetzt. Tocopherolhaltige Extrakte sind natürliche Pflanzeninhaltsstoffe.|1|0|0|0|0|0|||Menüs||HIPP GMBH & CO. VERTRIEB, GEORG-HIPP-STR. 7, 85276 PFAFFENHOFEN, Deutschland|1|250|g|100|Stück|19|1|Hipp Pasta 250g|827|Deutschland||||||||||||||Als warme Mahlzeit|ungekühlt|Trocken|50||827W1040||1-3 Jahre||cls_de_cc_B10100|
4002971180503|4999348|ST|"Monsterbacke" Fruchtquark, Erdbeer-Banane-Himbeer 6 x 50g|MONSTER BACKE Erd/Ba/Hi 6 x 50 g|Ehrmann|5||5.6 g||93 kcal|390 KJ|2.9 g|1.9 g|||10.0 g|11.0 g||0.1 g||4002971180503_990334.jpg|Milch und Milchderivate||Zutaten: FRISCHKÄSE, Früchte*, Zucker, modifizierte Stärke, färbende Pflanzenkonzentrate (Karotte, Rote Betesaft)¹), Calciumcarbonat, Verdickungsmittel: Guarkernmehl, Xanthan; natürliches Aroma. *Früchte: Erdbeere, Banane, Himbeere. ¹) bei Erdbeere und Himbeere. Ohne Konservierungsstoffe.|0|0|0|0|0|0|||||EHRMANN GMBH, HAUPTSTR. 19, 87770 OBERSCHÖNEGG, Deutschland|1|300|g|100|Stück|2|1|Monsterb.Fruchtquark|634|Deutschland|||||||||||||||0 bis + 7 °C|Frische|50||634W2420||||cls_de_cc_220700|
40255613|5099|ST|Milchreis, Erdbeere|MÜLLER MILCHREIS ERDBEERE 200G|Müller|5||2.9 g||102 kcal|432 KJ|2.1 g|1.4 g|||12.0 g|17.8 g||0.23 g||40255613_1640329.jpg|Eier und Eiderivate;Milch und Milchderivate||Zutaten: VOLLMILCH, BUTTERMILCH, Wasser, Zucker, 6,4% Reis, Erdbeere*, Erdbeersaft* aus Erdbeersaftkonzentrat, Traubenzucker, VOLLEI, Speisesalz, modifizierte Stärke, Verdickungsmittel Johannisbrotkernmehl, Guarkernmehl, Pektine; Aroma, Säuerungsmittel Citronensäure, Säureregulator Natriumcitrate, Calciumcitrate; Farbstoff Echtes Karmin, Aroma. *Fruchtgehalt im Endprodukt: 7,3 %|0|0|0|0|0|0|||Pudding & Milchreis|keine Altersfreigabe|MOLKEREI ALOIS MUELLER, ZOLLERSTR. 7, 86850 ARETSRIED, Deutschland|1|200|g|100|Stück|2|1|MÜ.MI.REIS ERDB.200G|634|Deutschland|||||||||||||||+5 bis +7 °C|Frische|50||634W0700||||cls_de_cc_220700|
8711399014883|3702828|ST|Vla Pudding "Leichter Genuss",Schoko/Vanille|Zuivelhoeve Vla  Leichter Genuss Duo Vanille Schokolade 200GRM|Zuivelhoeve|5||3.8 g||69 kcal|291 KJ|0.9 g|0.6 g|||6.9 g|11.0 g||0.19 g||8711399014883_20000165165.jpg|Milch und Milchderivate||Zutaten: MAGERMILCH, entrahmte MILCH, modifizierte  maisstärke, Fruktose, Inulin, 0,5% fettarmes Kakaopulver, Farbstoffe (Carotin, Titandioxid), Vanille-Aroma, Aroma, Verdickungsmittel (Carrageen), Speisesalz,Süßungsmitteln (Acesulfam K, Aspartam).Enthält eine Phenylalaninquelle..|0|0|0|0|0|0|||Pudding & Milchreis||DE ZUIVELHOEVE VERKOOP BV, BRUNINKSWEG 5A, 7554 RW HENGELO, Niederlande|1|200|g|100|Stück|2|1|Dou Vla leicht. Gen.|634|Niederlande|||||||||||||||0 bis + 7 °C|Frische|50||634W0600||||cls_de_cc_220700|
4014748075219|2094415|ST|Grieß-Dessert, Kirsche|Grieß-Dessert Kirsch 175g|Osterland|5||2.9 g||117 kcal|493 KJ|3.7 g|2.5 g|||14.4 g|17.9 g||0.1 g||4014748075219_820404.jpg|Glutenhaltige Cerealien und ihre Derivate;Milch und Milchderivate||Zutaten: VOLLMILCH, SAHNE, Zucker, HARTWEIZENGRIEß, Verdickungsmittel Carrageen; Aroma.  Zutaten Kirsch-Zubereitung: 45% Sauerkirschen, Wasser, Glukose-Fruktose-Sirup; Zucker, modifizierte Stärke, färbende Pflanzenkonzentrate (Schwarzer Karotte, Hibiskus), Verdickungsmittel Pektine, Carrageen; Säureregulator Citronensäure; Aroma.|0|0|0|0|0|0|||Pudding & Milchreis|keine Altersfreigabe|DEUTSCHES MILCHKONTOR, INDUSTRIESTRASSE 27, 27404 ZEVEN, Deutschland|1|175|g|100|Stück|2|1|Grießdessert 175g|634|Deutschland|||||||||||||||+5 bis +7 °C|Frische|50||634W0600||||cls_de_cc_220700|
8714100691496|5409695|ST|Stieleis, Intense Dark|Magnum Intense Dark Familienpackung Eis 4 x 100 ml|Magnum|5||3.3 g||239 kcal|1000 KJ|16.0 g|11.0 g|||16.0 g|19.0 g||0.08 g||8714100691496_1576825.jpg|Sojabohne und Sojabohnenderivate;Milch und Milchderivate||Zutaten: Entrahmte MILCH, Kakaomasse¹, Zucker, Glukose-Fruktose-Sirup, Kokosfett, fettarmer Kakao¹, Kakaobutter¹, BUTTERREINFETT, Emulgatoren (E471, Lecithine (SOJA), E442), VOLLMILCHPULVER, Stabilisatoren (E410, E407). Glutenfrei. ¹Rainforest Alliance™ zertifiziert|0|0|0|0|0|0|||""||UNILEVER DEUTSCHLAND GMBH, AM STRANDKAI 1, 20457 HAMBURG, Deutschland|1|0.4|l|1|Stück|5|1|Magnum Intense 400ml|632|Deutschland|||||||||||||||-99 bis -18 °C|Tiefkühl|50||632W3000||||cls_de_cc_440500|
4027016506063|5660467|ST|Hähnchen Mediterrano, tiefgekühlt|Hähnchen Mediterraneo 400g|Jütro|5||6.0 g||121 kcal|506 KJ|4.0 g|1.5 g|||3.4 g|14.8 g||1.09 g||4027016506063_1660920.jpg|||Zutaten: Muschelnudeln gegart 30% (Wasser, HARTWEIZENGRIEß), Gemüsemischung 24% (Broccoli, Cocktailtomaten, Paprika, Zucchini), SAHNE 15%, Hähnchenbrustfleisch gegart, gewürzt 14% (Hähnchenbrust, Dextrose, Stärke, Speisesalz), Wasser, Tomatenkonzentrat, Rapsöl, VOLLMILCHPULVER, Stärke, Speisesalz, Zucker, Gewürze, Tomaten, Olivenöl, Gewürzextrakt (Paprika), Karotten, Zitronenfruchtpulver, Basilikum.|0|0|0|0|0|0|||""|keine Altersfreigabe|JUETRO TIEFKUEHLKOST GMBH, AM SANDTORKAI 37, 20457 HAMBURG, Deutschland|1|0.4|kg|1|Stück|5|1|Hähn.Mediterran 400g|632|Deutschland|||||||||||||||-99 bis -18 °C|Tiefkühl|50||632W2200||||cls_de_cc_430200|
4001163000506|729507|ST|Spätzle|Eierspätzle pfannenfertig|Henglein|5|1.6 g|6.1 g||164 kcal|690 KJ|3.1 g|0.6 g|||0.5 g|27.0 g||1.0 g||4001163000506_20000242291.jpg|Eier und Eiderivate;Glutenhaltige Cerealien und ihre Derivate||Zutaten: WEIZENMEHL, Trinkwasser, 18% VOLLEI*, Speisesalz, Rapsöl,  Säuerungsmittel: Citronensäure, Gewürzextrakt. *(Eier aus Bodenhaltung)|0|0|0|0|0|0|||Gefüllte Teigwaren|keine Altersfreigabe|HANS HENGLEIN & SOHN GMBH, BEERBACHSTRASSE 19, 91183 WASSERMUNGENAU, Deutschland|1|0.4|kg|1|Stück|10|1|HEN.EIERSPÄTZLE 400G|623|Deutschland|||||||||||||||+5 bis +7 °C|Frische|50||623W2005||||cls_de_cc_550100|
4260095520111|2204916|ST|Bio Tofu geräuchert, so lecker|BERIEF Bio Naturland Tofu geräuchert 2x175g|Berief|5|1.5 g|18.2 g|2.3 g|164 kcal|685 KJ|9.5 g|1.9 g|||0.7 g|0.7 g|5.3 g|2.0 g||4260095520111_1913528.jpg;4260095520111_2038846.jpg|Sojabohne und Sojabohnenderivate||Zutaten: SOJABOHNEN, Wasser, Meersalz, Buchenholzrauch|1|0|0|0|0|0|||""||BERIEF FEINKOST GMBH, Lebensweg 1, 59269 Beckum, Deutschland|1|0.35|kg|1|Stück|3|1|BER.SOJA BIO TOFU|623|Deutschland||||||||||||||zum direkten Verzehr geeignet|+5 bis +7 °C|Frische|50||623W4315||||cls_de_cc_320200|
8076802085837|279722|ST|Tortiglioni Nudeln|TORTIGLIONI 500G IMU EU|Barilla|5|3.0 g|12.5 g||359 kcal|1521 KJ|2.0 g|0.5 g|||3.5 g|71.2 g||0.013 g||8076802085837_973835.jpg;41274006.jpg;8076802085837_20000151364.jpg;8076802085837_20000194525.jpg;8076802085837_20000206266.jpg;8076802085837_973834.jpg|Weizen und Weizenderivate;Glutenhaltige Cerealien und ihre Derivate|Eier und Eiderivate;Sojabohne und Sojabohnenderivate|Zutaten: HARTWEIZENGRIESS, Wasser. Kann Spuren von Sojabohnen enthalten. Kann Spuren von Eiern enthalten, wenn das Produkt in dem mit dem Buchstaben (A) gekennzeichneten Werk hergestellt wurde|0|0|0|0|0|0|||Hartweizen Teigwaren||BARILLA DEUTSCHLAND GMBH, GUSTAV-HEINEMANN-UFER 72C, 50968 KOELN, Deutschland|1|0.5|kg|1|Stück|10|1|BAR.TORTIGLIONI 500G|620|Deutschland|||||||||||||||ungekühlt|Trocken|5||620W3750||A00||cls_de_cc_550100|
4006196080105|123116|ST|Pasta Stelle/Suppen|Risone mamma lucia|Mamma Lucia|5|3.0 g|12.0 g||351 kcal|1489 KJ|1.0 g|0.4 g|||3.5 g|72.0 g||0.01 g||39568799.jpg|Weizen und Weizenderivate;Sonstige glutenhaltige Getreide und glutenhaltige Getreideerzeugnisse|Eier und Eiderivate;Sojabohne und Sojabohnenderivate|ZUTATEN: HARTWEIZENGRIESS|0|0|0|0|0|0|||Hartweizen Teigwaren||ETERNA NAHRUNGSMITTEL, HANAUER LANDSTRASSE 411, 60314 FRANKFURT AM MAIN, Deutschland|1|0.5|kg|1|Stück|10|1|Kritaharaki 500|620|Deutschland|||||||||||||||ungekühlt|Trocken|5||620W3750||||cls_de_cc_550100|
4304218411075|2592321|ST|Lasagne Bolognese|Frisch & Fertig Lasagne Bolognese 400g|Globus|5||9.5 g||153 kcal|641 KJ|7.0 g|3.5 g|||2.5 g|12.5 g||1.0 g||41263109.jpg|Weizen und Weizenderivate;Eier und Eiderivate;Milch und Milchderivate||Zutaten: Teilentrahmte Milch, Nudelteigplatten 16% (Hartweizengrieß, Wasser, Eier*, Speisesalz), Rindfleisch 11,5%, Schweinefleisch 11,5%, Tomaten 8,5%, Käse 6,5%, Tomatenmark doppelt konzentriert 6%, Weizenmehl, Palmfett, Zwiebeln, Speisesalz, Knoblauch, Rapsöl, Gewürze, Kräuter, Stärke. *aus Bodenhaltung.  Hinweis für Allergiker: Enthält Erzeugnisse aus GLUTENHALTIGEM GETREIDE, EI und MILCH inkl. LAKTOSE.|0|0|0|0|0|0|||""|keine Altersfreigabe|Globus SB-Warenhaus Holding GmbH & Co. KG, Leipziger Str. 8, 66606 St. Wendel, Deutschland|1|0.4|kg|1|Stück|5|1|Lasagne 400g|623|Deutschland|||||||||||||||+5 bis +7 °C|Frische|50||623W3500||||cls_de_cc_421100|
5997523313234|5080028|ST|Nudeln "Soba Cup", Yakitori Chicken|Weizennudeln nach Japanischer Art, Yakisoba-Sauce mit Yakitori Huhn-Geschmack|Nissin|5||4.9 g||221 kcal|925 KJ|10.8 g|4.6 g|||4.3 g|24.7 g||1.9 g||5997523313234_1104358.jpg|Weizen und Weizenderivate;Sojabohne und Sojabohnenderivate|Sellerie und Selleriederivate;Krebstiere und ihre Derivate;Sesamsamen und Sesamsamenderivate;Fisch und Fischderivate;Weichtiere und Weichtierderivate;Senf- und Senfderivate;Milch und Milchderivate|Zutaten: Nudeln 72,2% [WEIZENMEHL, Palmöl, Salz, Geschmacksverstärker E621, Mehlbehandlungsmittel (E500, E451), Antioxidationsmittel E306, Säureregulator: Citronensäure], Würzsauce 21,3% [SOJASAUCE (Wasser, SOJABOHNEN, Salz, WEIZEN), Rapsöl,  Zucker, Dextrose, Geschmacksverstärker (E621, E635), Hühnerfett, Zwiebelpulver, hydrolysiertes Pflanzenprotein, Aromen, Farbstoffe (Zuckerkulör, Kurkumin und Paprikaextrakt), modifizierte Stärke], Zwiebel, Hühnerfleisch 1,1%, rote Paprika, Frühlingszwiebeln. Kann Spuren von Sellerie, Krebstieren, Fisch, Milch, Weichtieren, Senf und Sesam enthalten.|0|0|0|0|0|0|||""||NISSIN FOODS GMBH, BERNER STR. 119, 60434 FRANKFURT, Deutschland|1|0.089|g|100|Stück|10|1|Soba Cup Yakitori Ch|620|Deutschland|||||||||||||||ungekühlt|Trocken|50||620W2700||||cls_de_cc_550000|
7613035509061|4886829|ST|"5 Minuten Terrine", Kartoffelbrei mit Erbsen & Möhren|MAGGI 5 MINUTEN TERRINE Kartoffelbrei mit Erbsen und Möhren|Maggi|5|1.4 g|1.8 g||79 kcal|329 KJ|3.1 g|1.5 g|||1.3 g|10.3 g||0.8 g||7613035509061_1848480.jpg;7613035509061_1467538.jpg;7613035509061_1724907.jpg;7613035509061_1724908.jpg;7613035509061_1724909.jpg;7613035509061_1848479.jpg|||ZUTATEN: 57,2% Kartoffeln, Palmfett, Gemüse (3,5% Karotten, 3,5% Erbsen), Stärke, Hefeextrakt, Jodsalz, MILCHZUCKER, Gewürze (Zwiebeln, Knoblauch, Kurkuma), Sonnenblumenöl, Schnittlauch, MILCHEIWEIß, Aromen, Säuerungsmittel Citronensäure.#Kann GLUTENHALTIGES GETREIDE, SELLERIE, EIER, SENF und SOJA enthalten.|0|0|0|0|0|0|||""||MAGGI GMBH, LYONER STR. 23, 60528 FRANKFURT, Deutschland|1|43|g|100|Stück|10|1|5 MT Kartoffelbrei m|620|Deutschland|||||||||||||||ungekühlt|Trocken|50||620W2700||||cls_de_cc_550000|
4012682015070|172582|ST|Weiße Bohnensuppe|Halberstädter Weiße Bohnen Eintopf 800g, deftig lecker im Kessel gekocht|Halberstädter|5|3.6 g|3.9 g||83 kcal|347 KJ|2.8 g|0.8 g|||3.9 g|10.7 g||0.9 g|||Sellerie und Selleriederivate;Glutenhaltige Cerealien und ihre Derivate;Karotte und Karottenderivate||Zutaten: Fleischbrühe (Trinkwasser, Auszüge aus Schweinefleisch), 20% Weiße Bohnen, 17% Kartoffeln, 6,1% Gemüse (Porree, MÖHREN), 3,7% Schweinebauchfleisch,WEIZENMEHL, 2,7% Halberstädter Würstchen (Schweine- und Rindfleisch, Trinkwasser, Speisesalz, Glukosesirup, Stabilisator: Diphosphate, Antioxidationsmittel: Ascorbinsäure, Konservierungsstoff: Natriumnitrit, Schafsaitling, Schweinedarm, Rauch), 1,7% Speck, Speisesalz, Würze, gekörnte Brühe (Würze, Raps- Mais- und Sonnblumenöl), Gewürze (mit SELLERIE) und Kräuter|0|0|0|0|0|0|||""|keine Altersfreigabe|HALBERSTAEDTER WUERSTCHEN, GROSSE RINGSTRASSE, 38820 HALBERSTADT, Deutschland|1|0.8|kg|1|Stück|10|1|HAL.BOHNENSUPPE 800|610|Deutschland|||||||||||||||ungekühlt|Trocken|50||610W4750||||cls_de_cc_510200|
4037300104523|191361|ST|Rindfleisch-Nudeltopf mit natürlicher Rinderbrühe|Erasco Eintopf Standard 800g Dose, Rindfleisch-Nudeltopf mit natürlicher Rinderbrühe|Erasco|5|0.6 g|2.2 g||44 kcal|184 KJ|1.5 g|0.2 g|||0.9 g|5.2 g||0.9 g||4037300104523_309287.jpg|Sellerie und Selleriederivate;Weizen und Weizenderivate;Eier und Eiderivate|Sojabohne und Sojabohnenderivate;Senf- und Senfderivate;Milch und Milchderivate|Zutaten: Wasser, 18% gekochte Muschelnudeln (HARTWEIZENGRIEß (GLUTEN), EIKLAR), 8,5% Gemüse (Möhren, Porree, SELLERIE), 4,7% gegartes Rindfleisch (Rindfleisch, Salz, Tapiokastärke), Rapsöl, Salz, Hefeextrakt, Zucker, Kochsalzersatz (Kaliumchlorid), Aroma, Petersilie, Dextrose, färbender Paprikaextrakt, Verdickungsmittel: Guarkernmehl.  Kann Spuren von Milch, Soja und Senf enthalten.|0|0|0|0|0|0|||""||CONTINENTAL FOODS, GENINER STR. 88 - 100, 23560 LÜBECK, Deutschland|1|0.8|kg|1|Stück|10|1|ERA.RINDFL.NUD.TOPF|610|Deutschland|||||||||||||||ungekühlt|Trocken|50||610W4750||||cls_de_cc_510200|
4001052145011|876233|ST|Echter Blutwurz Kräuter-Likör 50%|Penninger Blutwurz 50% 0,70 L|Penninger|16||||||||||||||50 %|4001052145011_442688.jpg;35237902.jpg;4001052145011_20000205908.jpg;4001052145011_20000234400.jpg|Sellerie und Selleriederivate|||0|0|0|0|0|0|||Kräuterlikör|ab 18 Jahren|ALTE HAUSBRENNEREI, INDUSTRIESTR. 18, 94051 HAUZENBERG, Deutschland|1|0.7|l|1|Stück|8|1|Echter Blutwurz 0,7l|641|Deutschland|||||||||||||||ungekühlt|Trocken|50||641W0145||18 Jahre||cls_de_cc_680500|
4038500120139|1301592|ST|Kräuterlikör 40%|KRAEUTERGRUSS 4ER 40 %|Kraeutergruss|16||||||||||||||40 %|35458456.jpg;35250836.jpg;35639162.jpg;4038500120139_20000115205.jpg;41284839.jpg|Keine kennzeichnungspflichtigen Allergene entsprechend der zielmarktspezifischen Vorschriften enthalten|||0|0|0|0|1|0|||""|ab 18 Jahren|ST. NIKOLAUS, UNDERBERGSTRASSE 1-3, 47493 RHEINBERG, Deutschland|1|0.08|l|1|Stück|8|1|KRÄUTERGRUSS 4X0,02|641|Deutschland|||||||||||||||ungekühlt|Trocken|50||641W0192||||cls_de_cc_680500|
8009885000541|1497986|ST|Amaretto Liquore 21%||Zanin|16|||||||||||||||39673362.jpg;41280788.jpg||||0|0|0|0|0|0|||Fruchtlikör|ab 18 Jahren|ZANIN 1895 SRL, VIA CINQUEVIE 20, 36030 ZUGLIANO, Italien|1|0.7|l|1|Stück|8|1|AMARETTO GIULIETTA|641|Deutschland|||||||||||||||ungekühlt|Trocken|50||641W0155||||cls_de_cc_680500|
5010677710497|4536359|ST|London Dry Gin 37,5%|0,70L BOMBAY DRY GIN The Original London Dry Gin|Bombay|16||||||||||||||37.5 %|5010677710497_1116600.jpg;39666105.jpg;41266449.jpg;5010677710497_10000025619.jpg;5010677710497_1116598.jpg||||0|0|0|0|0|0|||""|ab 18 Jahren|BACARDI GMBH, HINDENBURGEER STR. 49, 22297 HAMBURG, Deutschland|1|0.7|l|1|Stück|8|1|Bombay Dry Gin 0,7l|641|Deutschland|||||||||||||||ungekühlt|Trocken|50||641W0040||||cls_de_cc_680400|
4007988001636|971805|ST|NAREDO BIANCO AROMA.WEINH.GETR.    0,75L||Naredo|16||||||||||||||10 %|4007988001636_20000243032.jpg;35244858.jpg;35488320.jpg;4007988001636_1862355.jpg;4007988001636_20000189751.jpg;4007988001636_20000238018.jpg|Schwefeldioxid und Sulfite||Enthält SULFITE|0|0|0|0|0|0|||""|ab 16 Jahren|Tophi Gmbh, Haferweg 38, 22769 Hamburg, Deutschland|1|0.75|l|1|Stück|8|1|NAREDO BIANCO|641|Deutschland|||||||||||||||ungekühlt|Trocken|50||641W0160||ab 16 Jahren||cls_de_cc_681200|
3113910311122|2589654|ST|Champagne Brut AOC||Charles Joubert|16|||||||||||||||3113910311122_20000004199.jpg;3113910311122_20000040920.jpg;41274251.jpg||||0|0|0|0|0|0|||""|ab 16 Jahren|LANSON INTERNATIONAL, 66 RUE DE COURLANCY, 51100 REIMS, Frankreich|1|0.75|l|1|Stück|8|1|CHARLES JOUBERT BRUT|640|Deutschland|||||||||||||||ungekühlt|Trocken|50||640W0020||||cls_de_cc_670100|
3263286350161|1575574|ST|Chardonnay Vin de Pays d'Oc|GRAND SUD DISPLAY CHARDONNAY FRANZOSISCHER WEIN WEISS 1,00 L|Grand Sud|16||||||||||||||12.5 %|3263286350161_189042.jpg|Schwefeldioxid und Sulfite||Enthält SULFITE|0|0|0|0|0|0|0||""|ab 16 Jahren|LES GRANDS CHAIS DE FRANC, 1, rue de la Division Leclere, 67290 Petersbach, Frankreich|1|1|l|1|Stück|8|1|GRAND SUD CHARD.1L|642|Deutschland|||||||||||||Test|Ein feiner Wein, der den Genuss von gegrilltem Fisch, weißem Fleisch oder sogar einigen Käsesorten noch vollendet.|ungekühlt|Trocken|50||642W1055||RESTRICTED_TO_SELL_16||cls_de_cc_650100|
4001486064100|4414567|ST|Fruchtwein-Cocktail "Naschkätzchen" Kirsch-Banane 4,5%|NASCHKÄTZCHEN KIRSCH-BANANE 0,75 l|Katlenburger|16||||||||||||||4.5 %|4001486064100_1754916.jpg;39540137.jpg|Schwefeldioxid und Sulfite;Milch und Milchderivate||Zutaten: 55% Fruchtwein und 4% Bananen- und Kirschsaft aus Konzentrat, mit MAGERMILCHJOGHURT (enthält MILCHbestandteile) und mit natürlichem Aroma, mit Kohlensäure, konserviert, enthält SULFITE|0|0|0|0|0|0|0||""|ab 16 Jahren|KATLENBURGER KELLEREI, OSTERODER STR.12, 37191 KATLENBURG, Deutschland|1|0.75|l|1|Stück|8|1|Naschkätzchen KiBa|642|Deutschland|||||||||||||||ungekühlt|Trocken|50||642W3885||||cls_de_cc_660200|
8410384008370|748667|ST|Halbtrockener Weißwein Mederaño Blanco|Freixenet Med. Blanco 0,75l|Freixenet|16||||||||||||||11.5 %|8410384008370_1071506.jpg|Schwefeldioxid und Sulfite||enthält Sulfite|0|0|0|0|0|0|0||""|ab 16 Jahren|HENKELL & CO., BIEBRICHER ALLEE 142, 65187 WIESBADEN, Deutschland|1|0.75|l|1|Stück|8|1|MED. FREIXENET WEISS|642|Deutschland|||||||||||||||ungekühlt|Trocken|50||642W2621||||cls_de_cc_650100|
8008530014070|1904361|ST|Vino d'Italia Bianco trocken|Tavernello Süß & Fruchtig 1l süß|Tavernello|16||||||||||||||10 %|8008530014070_2067653.jpg;8008530014070_1003123.jpg|Schwefeldioxid und Sulfite|||0|0|0|0|0|0|0||""|ab 16 Jahren|MACK + SCHUEHLE AG, NEUE STR. 45, 73277 OWEN/TECK, Deutschland|1|1|l|1|Stück|8|1|TAVERNELLO BIANCO 1L|642|Deutschland|||||||||||||||ungekühlt|Trocken|50||642W4000||||cls_de_cc_650100|
4005376041752|3630390|ST|Dornfelder halbtrocken Pfalz DQW||Edition Moritzburg|16|||||||||||||||4005376041752_20000066754.jpg;39568312.jpg;41268382.jpg|Schwefeldioxid und Sulfite|||0|0|0|0|0|0|0||""|ab 16 Jahren|WINZERGENOSSENSCHAFT, AN DER ESELSHAUT 57, 67435 NEUSTADT-MUSSBACH, Deutschland|1|0.75|l|1|Stück|8|1|Dornfelder Rotwein|642||||||||||||||||ungekühlt|Trocken|50||642W0075||||cls_de_cc_650200|
4000508058516|68597|ST|Kaffee Krönung gemahlen, Balance|JACOBS KROENUNG KAFFEE GEMAHLEN BALANCE 500G|Jacobs|5|0.0 g|0.1 g||1 kcal|4 KJ|0.0 g|0.0 g|||0.2 g|0.2 g||0.0 g||4000508058516_20000051955.jpg;39539828.jpg;4000508058516_1213845.jpg;41278863.jpg|Keine kennzeichnungspflichtigen Allergene entsprechend der zielmarktspezifischen Vorschriften enthalten|||0|0|0|0|0|0|||Bohnenkaffee gemahlen||JACOBS DOUWE EGBERTS DE, LANGEMARCKSTR. 4-20, 28199 BREMEN, Deutschland|1|0.5|kg|1|Stück|10|1|KRÖNUNG BALANCE 500G|627|Deutschland|||||||||||||||ungekühlt|Trocken|50||627W0010||||cls_de_cc_590100|
5000112630299|5459252|ST|Eistee, Zitrone|FUZE TEA LEMON 1,0L PEW|Fuze Tea|16||0.0 g||30 kcal|129 KJ|0.0 g|0.0 g|||7.2 g|7.2 g||0.03 g||5000112630299_1964810.jpg|||Zutaten: Wasser, Zucker, Zitronensaft aus Zitronensaftkonzentrat (1%), Säuerungsmittel Citronensäure, löslicher Tee-Extrakt (0,12%), Säureregulator Natriumcitrate, Antioxidationsmittel Ascorbinsäure, Aroma.|0|0|0|0|0|0|1|0.25 €|""|keine Altersfreigabe|COCA-COLA EUROPEAN, Hohenschönhauser Str. 51, 13057 Berlin, Deutschland|1|1|l|1|Stück|8|1|Zitrone Fuze Tea|802|Deutschland|10|990045|1|0.25 €|||||||||||ungekühlt|Getränke|50||802W0510||||cls_de_cc_620200|
4052700068398|837703|ST|Cappuccino Schoko, Nachfüllbeutel|KRÜ FAMILY SCHOKO CAPPU 500G BTL|Krüger|5||4.9 g||372 kcal|1574 KJ|3.6 g|3.1 g|||78.1 g|78.4 g||1.59 g||4052700068398_998592.jpg;35462814.jpg;35466340.jpg;35480988.jpg;35481106.jpg;35663864.jpg;39636379.jpg|Milch und Milchderivate||Zutaten: Zucker, SüßMOLKENpulver, löslicher Bohnenkaffee (7,5 %), Kokosöl, stark entöltes Kakaopulver (3 %), MagerMILCHpulver, Salz, Stabilisator E339.|0|0|0|0|0|0|||Löslicher Cappuccino|keine Altersfreigabe|KRUEGER GMBH & CO. KG, SENEFELDSTR. 44, 51469 BERGISCH-GLADBACH, Deutschland|1|500|g|100|Stück|10|1|FAMILY CAPP. SCHOKO|627|Deutschland|||||||||||||||ungekühlt|Trocken|50||627W0112||||cls_de_cc_590500|
9011900196725|3390302|ST|Himbeer Sirup|Mautner Markhof 0 % Himbeer Sirup 700 ml Plastikflasche|Mautner Markhof|5||0.0 g||16 kcal|68 KJ|0.0 g|0.0 g|||2.2 g|2.3 g||0.1 g||9011900196725_20000160753.jpg|Keine kennzeichnungspflichtigen Allergene entsprechend der zielmarktspezifischen Vorschriften enthalten||Zutaten: Wasser, 16% Himbeersaft aus Himbeersaftkonzentrat, 8,5% Apfelsaft aus Apfelsaftkonzentrat, Holunderbeersaftkonzentrat, Schwarzkarottensaftkonzentrat, Säuerungsmittel: Citronensäure; Süßungsmittel: Natriumcyclamat, Acesulfam-K, Sucralose, Saccharin; Verdickungsmittel: Xanthan; Konservierungsstoff: Kaliumsorbat, Natriumbenzoat; Aroma, Farbstoffe: Anthocyane.|0|0|0|0|0|0|||""||BORN SENF & FEINKOST GMBH, WENIGEMARKT 11, 99084 ERFURT, Deutschland|1|0.7|l|1|Stück|8|1|Himbeer Sirup|801|Österreich|||||||||||||||ungekühlt|Getränke|50||801W0800||||cls_de_cc_620400|
9001400005009|3147289|ST|Erdbeer Sirup|0,70 YO Erdbeere|Yo|5||0.5 g||38 kcal|162 KJ|0.5 g|0.1 g|||9.3 g|9.4 g||0.01 g||9001400005009_1241871.jpg|||Zutaten: Zucker, Glukose-Fruktosesirup, Fruchtsaft aus Fruchtsaftkonzentrat von Erdbeere (10%), Aroniabeere, Holunderbeere undApfel, Wasser, Säuerungsmittel: Citronensäure, Aroma.|0|0|0|0|1|0|||""||ECKES GRANINI DEUTSCHLAND, LUDWIG-ECKES-PLATZ 1, 55268 NIEDER-OLM, Deutschland|1|0.7|l|1|Stück|8|1|Yo Erdbeer 0,7L PET|801|Österreich|||||||||||||||ungekühlt|Getränke|50||801W0800||||cls_de_cc_620400|
4036300095244|2697175|ST|Frucht-Buttermilch, Himbeere|Milram Butter-Milch-Drink Himbeere 750g|Milram|5||2.1 g||56 kcal|237 KJ|0.4 g|0.3 g|||10.2 g|10.3 g||0.18 g||4036300095244_980510.jpg;4036300095244_1413279.jpg|Milch und Milchderivate||Zutaten: 70% BUTTERMILCH, SAUERMOLKE, Zucker, 3,5% Himbeersaft aus Himbeersaftkonzentrat, Verdickungsmittel E 466, Säuerungsmittel Zitronensäure, färbendes schwarze Karottenkonzentrat, Aroma|0|0|0|0|0|0|||Buttermilch & Dickmilch||DEUTSCHES MILCHKONTOR, INDUSTRIESTRASSE 27, 27404 ZEVEN, Deutschland|1|750|g|100|Stück|2|1|MIL FRUBU HIMB.750ML|634|Deutschland|||||||||||||||+5 bis +7 °C|Frische|50||634W1200||||cls_de_cc_220300|
4002627811904|3424251|ST|"Ilis" Himbeere-Brause Limonade|Ileburger Himbeerbrause EW PET 0,50 - Kalorienarme Brause mit Himbeergeschmack|Ileburger|16||0.5 g||15 kcal|62 KJ|0.5 g|0.1 g|||3.6 g|3.6 g||0.01 g||4002627811904_1185740.jpg|Keine kennzeichnungspflichtigen Allergene entsprechend der zielmarktspezifischen Vorschriften enthalten||Zutaten: Natürliches Mineralwasser, Zucker, Kohlensäure, Schwarzes Karottensaftkonzentrat, Säuerungsmittel Citronensäure, Süßungsmittel Cyclamat, Aspartam*, Saccharin und Acesulfam K, Aroma. *enthält eine Phenylalaninquelle.|0|0|0|0|0|0|1|0.25 €|Limonaden|keine Altersfreigabe|FRANKEN BRUNNEN GMBH+CO, BAMBERGER STR. 90, 91413 NEUSTADT - AISCH, Deutschland|1|0.5|l|1|Stück|8|1|Ileb.BrauseHimb.0,5L|802|Deutschland|10|990045|1|0.25 €|||||||||||ungekühlt|Getränke|50||802W0310||||cls_de_cc_620100|
4005517004158|5595903|ST|Sanfte Säfte Pink Grape Apfel|Sanfte Säfte Pink Grapefruit-Apfel-Sweetie 1,0L EW|Amecke|16|0.4 g|0.5 g||41 kcal|173 KJ|0.1 g|0.1 g|||8.5 g|8.9 g||0.01 g||4005517004158_1536044.jpg|||Zutaten: Grapefruitsaft*, Apfelsaft*, Sweetiesaft*, Vitamin C. *aus Fruchtsaftkonzentrat|0|0|0|0|0|0|||""|keine Altersfreigabe|AMECKE GMBH & CO.KG, FROENDENBERGER STR. 150, 58706 MENDEN, Deutschland|1|1|l|1|Stück|8|1|Amecke PGrapeApfel1l|803|Deutschland||||||||||||||Nach Anbruch der VitaBox® kühl lagern und innerhalb von 3-4 Tagen verzehren.|ungekühlt|Getränke|50||803W0115||||cls_de_cc_610100|
4250155404611|2530276|ST|"Abenteuer Drink" Apfel-Maracuja Saft|PUNICA AD Apfel-Maracuja  6x 0.5L PET|Punica|16||0.1 g||24 kcal|102 KJ|0.0 g|0.0 g|||5.2 g|5.4 g||0.01 g||4250155404611_1965564.jpg;4250155404611_1965564.jpg|||Zutaten: Wasser, Apfel- (46%), Maracuja- (4%) und Zitronensaft aus Fruchtsaftkonzentraten, Vitamin C, Süßungsmittel: Natriumcyclamat und Saccharin-Natrium|0|0|0|0|0|0|||""||PEPSICO DEUTSCHLAND GMBH, HUGENOTTENALLEE 173, 63263 NEU-ISENBURG, Deutschland|1|0.5|l|1|Stück|8|1|PUN.ABENT.APF-MA0,5L|803|Deutschland||||||||||||||Vor Gebrauch schütteln. Nach dem Öffnen gekühlt aufbewahren und bald aufbrauchen.|ungekühlt|Getränke|50||803W0215||||cls_de_cc_610100|
4304218502360|2422489|ST|Mineralwasser, Medium||Globus|16|||||||||||||||||||0|0|0|0|0|0|1|0.25 €|""||Globus SB-Warenhaus Holding GmbH & Co. KG, Leipziger Str. 8, 66606 St. Wendel, Deutschland|1|1.5|l|1|Stück|8|1|GLOBUS MIWA MED.1,5L|801|Deutschland|11|2001558426005|1|0.25 €|||||||||||ungekühlt|Getränke|50||801W0110||||cls_de_cc_630100|
4000521775001|1062437|ST|"Süße Mahlzeit", Kaiserschmarrn süß|Kaiserschmarrn nach klassischer Art|Dr.Oetker|5||6.2 g||201 kcal|849 KJ|4.4 g|1.6 g|||13.0 g|33.0 g||0.65 g||41266226.jpg;4000521775001_1924810.jpg;4000521775001_1978181.jpg|Weizen und Weizenderivate;Glutenhaltige Cerealien und ihre Derivate;Gerste und Gerstenerzeugnisse;Milch und Milchderivate||Zutaten: WEIZENMEHL, Zucker, 12% Rosinen, Stärke, MAGERMILCHPULVER, Backtriebmittel (Glucono-delta-lacton, Natriumhydrogencarbonat), Salz, Aroma (enthält GERSTE).|0|0|0|0|0|0|||Pudding & Milchreis||OETKER DR. NAEHRMITTEL KG, LUTTERSTRASSE 14, 33617 BIELEFELD, Deutschland|1|165|g|100|Stück|2|1|OET.KAISERSCHMA.165G|620|Deutschland|||||||||||||||ungekühlt|Trocken|50||620W1950||||cls_de_cc_220700|
4071800000558|5451718|ST|Classic Butter Toastbrot|Harry Butter-Toast 500g|Harry|5|2.8 g|8.5 g||265 kcal|1120 KJ|3.7 g|2.5 g|||3.9 g|48.0 g||1.0 g||4071800000558_699998.jpg|Weizen und Weizenderivate;Glutenhaltige Cerealien und ihre Derivate;Milch und Milchderivate|Sesamsamen und Sesamsamenderivate|Zutaten:  WEIZENMEHL, Wasser, Natursauerteig (Wasser, WEIZENMEHL), BUTTERREINFETT, Invertzuckersirup, Hefe, Salz, Ackerbohnenmehl, Säureregulator Natriumacetate, WEIZENMALZMEHL. Kann Spuren von Sesam enthalten.|0|0|0|0|0|0|||Toast- Sandwichbrot||HARRY-BROT GMBH, KIEBITZWEG 15-19, 22869 SCHENEFELD, Deutschland|1|0.5|kg|1|Stück|1|1|Butter Toast 500g|628|Deutschland|||||||||||||||ungekühlt|Trocken|50||628W0030||||cls_de_cc_5C0100|
4071800005119|498547|ST|Fladenbrot / Pide|GaB Fladenbrot / Pide 500g|Gab|5|3.0 g|8.3 g||247 kcal|1048 KJ|1.8 g|0.2 g|||2.9 g|48.0 g||1.4 g||4071800005119_835983.jpg|Sesamsamen und Sesamsamenderivate;Weizen und Weizenderivate;Glutenhaltige Cerealien und ihre Derivate|Sojabohne und Sojabohnenderivate;Milch und Milchderivate|Zutaten: WEIZENMEHL, Wasser, Hefe, Salz, Ackerbohnenmehl, Stabilisator Guarkernmehl, Emulgator E472e*, WEIZENEIWEIß, Traubenzucker, Rapsöl, SESAM, Schwarzkümmel, Säureregulator E263. * pflanzlicher Ursprung. Kann Spuren von Soja und Milch enthalten.|0|0|0|0|0|0|||Fladenbrot & Wraps||HARRY-BROT GMBH, KIEBITZWEG 15-19, 22869 SCHENEFELD, Deutschland|1|0.5|kg|1|Stück|1|1|HAR.GAB.FLADENBR/PID|628|Deutschland|||||||||||||||ungekühlt|Trocken|50||628W0070||||cls_de_cc_5C0100|
4071800033136|3997698|ST|Kartoffel-Roggenkrüstchen|Kartoffel-Roggenkrüstchen zum Fertigbacken im Beutel|Harry|5|4.0 g|8.0 g||224 kcal|947 KJ|1.3 g|0.3 g|||4.0 g|43.0 g||1.0 g||4071800033136_20000205848.jpg|Weizen und Weizenderivate;Roggen und Roggenderivate;Glutenhaltige Cerealien und ihre Derivate|Sesamsamen und Sesamsamenderivate;Eier und Eiderivate;Senf- und Senfderivate;Milch und Milchderivate;Lupine und Lupinenderivate|Zutaten: WEIZENMEHL, Wasser, ROGGENMEHL, ROGGENVOLLKORNSCHROT, Kartoffelflocken (2%), WEIZENEIWEISS, Hefe, Salz, Rapsöl, Traubenzucker, WEIZENRÖSTMALZMEHL, Säureregulator Natriumacetate, Emulgator Mono- und Diacetylweinsäureester von Mono- und Diglyceriden von Speisefettsäuren*, Säuerungsmittel Citronensäure. *pflanzlicher Ursprung. Kann Spuren von Ei, Milch, Senf, Sesam und Lupine enthalten.|0|0|0|0|0|0|||""||HARRY-BROT GMBH, KIEBITZWEG 15-19, 22869 SCHENEFELD, Deutschland|1|0.54|kg|1|Stück|1|1|Kart.Roggenkrüstchen|628|Deutschland|||||||||||||||ungekühlt|Trocken|50||628W0070||||cls_de_cc_5C0400|
4000186014408|65778|ST|Paniermehl|LEIMER Paniermehl 400g|Leimer|5|5.6 g|13.6 g||355 kcal|1505 KJ|1.5 g|0.4 g|||3.0 g|69.0 g||1.5 g||4000186014408_20000048421.jpg;35471970.jpg;35651414.jpg;4000186014408_1741158.jpg|Weizen und Weizenderivate||Zutaten: WEIZENMEHL, Hefe, Salz|0|0|0|0|0|0|||""|keine Altersfreigabe|LEIMER KG, KOTZINGER STR. 16, 83278 TRAUNSTEIN, Deutschland|1|0.4|kg|1|Stück|10|1|LEI.PANIERMEHL 400 G|620|Deutschland|||||||||||||||ungekühlt|Trocken|50||620W2050||||cls_de_cc_550600|
4104420115767|2702057|ST|Bio Haferflocken, Feinblatt|Alnatura Haferflocken Feinblatt, 500g|Alnatura|5|10.0 g|13.0 g||371 kcal|1563 KJ|7.0 g|1.3 g|||1.1 g|59.0 g||0.03 g||4104420115767_20190910.jpg|Glutenhaltige Cerealien und ihre Derivate||Zutaten: HAFERVOLLKORNFLOCKEN* *aus biologischer Landwirtschaft .|1|1|0|0|0|0|||""||ALNATURA PRODUKTIONS -U., DARMSTÄDTER STR.63, 64406 BICKENBACH, Deutschland|1|0.5|kg|1|Stück|10|1|ALNAT.BIO HAFERFLOCK|616|Deutschland|||||||||||||||ungekühlt|Trocken|50||616W0023||||cls_de_cc_520300|
4013031058380|1562556|ST|Schoko Riegel Nougat Royal, Jumbo|Viba Nougat Royal 3er Pack|Viba|5||7.4 g||578 kcal|2405 KJ|38.7 g|12.4 g|||47.1 g|48.0 g||0.05 g||4013031058380_20090826.jpg||Haselnuss und Haselnusserzeugnisse;Glutenhaltige Cerealien und ihre Derivate;Sojabohne und Sojabohnenderivate;Milch und Milchderivate;Nüsse und Nussderivate. (Kann Mandeln, Haselnüsse, Walnüsse, Cashewnüsse etc. einschließen);Mandeln und Mandelerzeugnisse;Erdnüsse und Erdnussderivate|Zucker, geröstete HASELNÜSSE(34%), Kakaobutter, VOLLMILCHPULVER, Kakaomasse,Emulgator: SOJA-LECITHINE, Bourbon Vanille|0|0|0|0|0|0|||Nougat Schokoriegel||VIBA SWEETS GMBH, DIE AUE 7, 98593 FLOH-SELIGENTHAL, Deutschland|1|135|g|100|Stück|7|1|VIBA NOUG.ROYAL JUM.|615|Deutschland|||||||||||||||ungekühlt|Trocken|50||615W2700||||cls_de_cc_583100|
4000417222008|4655101|ST|Tafelschokolade, Nuss-Splitter|SPORT NUSS-SPLITTER|Ritter Sport|5||7.4 g||556 kcal|2319 KJ|35.0 g|17.0 g|||50.0 g|52.0 g||0.16 g||4000417222008_1741278.jpg|Haselnuss und Haselnusserzeugnisse;Sojabohne und Sojabohnenderivate;Milch und Milchderivate|Eier und Eiderivate;Glutenhaltige Cerealien und ihre Derivate;Nüsse und Nussderivate. (Kann Mandeln, Haselnüsse, Walnüsse, Cashewnüsse etc. einschließen);Erdnüsse und Erdnussderivate|Zutaten:  Zucker, Kakaobutter, HASELNÜSSE, Kakaomasse, VollMILCHpulver, LAKTOSE, MagerMILCHpulver, BUTTERreinfett, Emulgator: Lecithine (SOJA).  Kann Spuren von Erdnüssen, anderen Schalenfrüchten, glutenhaltigem Getreide und Ei enthalten.|0|0|0|0|0|0|||Tafelschokolade|keine Altersfreigabe|ALFRED RITTER GMBH &CO.KG, Alfred-Ritter-Str. 25, 71111 Waldenbuch, Deutschland|1|100|g|100|Stück|7|1|RS Nuss-Splitter|615|Deutschland|||||||||||||||ungekühlt|Trocken|50||615W2550||||cls_de_cc_583000|
4000417044303|67677|ST|Tafelschokolade Minis, Original|MINI-9 ER PACKUNG|Ritter Sport|5||6.8 g||552 kcal|2303 KJ|34.0 g|19.0 g|||50.0 g|52.0 g||0.2 g||4000417044303_1741265.jpg|Weizen und Weizenderivate;Haselnuss und Haselnusserzeugnisse;Glutenhaltige Cerealien und ihre Derivate;Sojabohne und Sojabohnenderivate;Gerste und Gerstenerzeugnisse;Milch und Milchderivate;Mandeln und Mandelerzeugnisse|Eier und Eiderivate;Nüsse und Nussderivate. (Kann Mandeln, Haselnüsse, Walnüsse, Cashewnüsse etc. einschließen);Erdnüsse und Erdnussderivate|Zutaten:  Zucker, Kakaobutter, Kakaomasse, VollMILCHpulver, Palmfett, LAKTOSE, MagerMILCHpulver, MANDELN, HASELNUSSmasse, MagerMILCHjoghurtpulver, HASELNÜSSE, BUTTERreinfett, WEIZENmehl, Mais, SAHNEpulver, Invertzuckersirup, Emulgator: Lecithine (SOJA), BUTTER, WEIZENstärke, Salz, Glukose-Fruktose-Sirup, GERSTEnmalzextrakt, SüßMOLKEnpulver, Feuchthaltemittel: Invertase.  Kann Spuren von Erdnüssen, anderen Schalenfrüchten und Ei enthalten.|0|0|0|0|0|0|||Tafelschokolade|keine Altersfreigabe|ALFRED RITTER GMBH &CO.KG, Alfred-Ritter-Str. 25, 71111 Waldenbuch, Deutschland|1|150|g|100|Stück|7|1|RS MINI BUNTER MIX|615|Deutschland|||||||||||||||ungekühlt|Trocken|50||615W2550||||cls_de_cc_583000|
4001686373200|82078|ST|Bronchiol Bonbons, Original||Haribo|5||6.9 g||343 kcal|1459 KJ|0.5 g|0.1 g|||46.0 g|77.0 g||0.07 g||4001686373200_1187342.jpg||Weizen und Weizenderivate;Glutenhaltige Cerealien und ihre Derivate;Milch und Milchderivate|Zutaten: Glukosesirup; Zucker; Gelatine; Dextrose; Frucht- und Pflanzenkonzentrate: Spirulina, Saflor, Apfel; Aroma; Säuerungsmittel: Citronensäure; Minzöl; Überzugsmittel: Bienenwachs weiß und gelb, Carnaubawachs; Invertzuckersirup. Kann Spuren von Milch, Weizen enthalten.|0|0|0|0|0|0|||||HARIBO GMBH & CO. KG, HANS-RIEGEL-STR. 1, 53129 BONN, Deutschland|1|100|g|100|Stück|7|1|BRONCHIOL  100 G|615|Deutschland|||||||||||||||ungekühlt|Trocken|50||615W1500||||cls_de_cc_582300|
4008468013408|149139|ST|Schokolierte Geleestücke mit Aprikosengeschmack|GELEE APRIKOSEN SCHOKOLIERT 250G|Berggold|5||1.2 g||360 kcal|1522 KJ|5.1 g|3.1 g|||56.9 g|76.4 g||0.04 g||4008468013408_786010.jpg;35245334.jpg;35488363.jpg;35666212.jpg;4008468013408_20000080848.jpg;4008468013408_20000194304.jpg;4008468013408_20000197869.jpg|||Zutaten: Zucker, Glukosesirup, 15 % Zartbitterschokolade (Zucker, Kakaomasse, Kakaobutter, Emulgator SOJALECITHINE, Vanilleextrakt), Wasser, Geliermittel Agar-Agar, Säuerungsmittel Citronensäure, natürliches Aroma. KANN SPUREN VON MILCHBESTANDTEILEN UND EI ENTHALTEN.|0|0|0|0|1|0||||keine Altersfreigabe|Heinerle-Berggold, Raniser Straße 11, 07381 Pössneck, Deutschland|1|250|g|100|Stück|7|1|GELEE-APRIKOSE SCHO.|615|Deutschland|||||||||||||||ungekühlt|Trocken|50||615W2000||||cls_de_cc_582700|
4306188361817|6571759|ST|Cornflakes "Nougat Bits"|Jeden Tag Nougat Bits 750g|Jeden Tag|5||8.7 g||460 kcal|1930 KJ|18.0 g|2.6 g|||32.0 g|63.0 g||0.2 g||4306188361817_1442829.jpg|Weizen und Weizenderivate;Hafer und Hafererzeugnisse;Milch und Milchderivate;Haselnuss und Haselnusserzeugnisse;Glutenhaltige Cerealien und ihre Derivate|Pistazie und Pistazienerzeugnisse;Walnuss und Walnusserzeugnisse;Nüsse und Nussderivate. (Kann Mandeln, Haselnüsse, Walnüsse, Cashewnüsse etc. einschließen);Mandeln und Mandelerzeugnisse;Erdnüsse und Erdnussderivate;Kaschunuss und Kaschunusserzeugnisse;Sesamsamen und Sesamsamenderivate;Sojabohne und Sojabohnenderivate;Macadamianuss und Macadamianusserzeugnisse;Pecannuss und Pecannusserzeugnisse;Queenslandnuss und Queenslandnusserzeugnisse;Paranuss und Paranusserzeugnisse|Zutaten: 42 % Cremefüllung mit Nougatgeschmack [Zucker, Sonnenblumenöl, 4,2 % HASELNUSSKERNE (gemahlen; Anteil bezogen auf das Gesamtprodukt), Maisstärke, Maltodextrine, 1,9 % fettarmes Kakaopulver, natürliches Aroma, Emulgator: Lecithine], WEIZENVOLLKORNMEHL, Reismehl, HAFERMEHL, Zucker, MAGERMILCHPULVER, 2,8 % Kakaopulver, WEIZENKLEIE, 0,3 % stark entöltes Kakaopulver, Salz. Kann Spuren von ERDNÜSSEN, weiteren SCHALENFRÜCHTEN, SOJAERZEUGNISSEN und SESAMSAMEN enthalten.|0|0|0|0|0|0|||""||ZENTRALE HANDELSGESELL-, HANNS-MARTIN-SCHLEYER- STR. 2, 77656 OFFENBURG, Deutschland|1|0.75|kg|1|Stück|10|1|JT Nougat Bits 750g|616|Frankreich|||||||||||||||ungekühlt|Trocken|50||616W0022||||cls_de_cc_520100|
4306188052050|6715297|ST|Cashews, geröstet & gesalzen|JT Cashews geröstet gesalz.150g Ds|Jeden Tag|5||18.0 g||621 kcal|2577 KJ|49.0 g|10.0 g|||8.7 g|25.0 g||1.0 g||4306188052050_173633.jpg|Kaschunuss und Kaschunusserzeugnisse|Pistazie und Pistazienerzeugnisse;Walnuss und Walnusserzeugnisse;Haselnuss und Haselnusserzeugnisse;Macadamianuss und Macadamianusserzeugnisse;Nüsse und Nussderivate. (Kann Mandeln, Haselnüsse, Walnüsse, Cashewnüsse etc. einschließen);Pecannuss und Pecannusserzeugnisse;Queenslandnuss und Queenslandnusserzeugnisse;Paranuss und Paranusserzeugnisse|Zutaten: CASHEWKERNE, pflanzliches Öl (Palmöl, Sonnenblumenöl), Salz.|0|0|0|0|0|0|||Salzige Nüsse||ZENTRALE HANDELSGESELL-, HANNS-MARTIN-SCHLEYER- STR. 2, 77656 OFFENBURG, Deutschland|1|150|g|100|Stück|7|1|JT Cashews geröstet|615|Deutschland|||||||||||||||ungekühlt|Trocken|50||615W0700||||cls_de_cc_581900|
4006639069506|5546852|ST|Mini-Geflügelwürstchen||Ferdi Fuchs|5||13.3 g||219 kcal|909 KJ|18.0 g|5.8 g|||1.0 g|1.0 g||2.1 g||4006639069506_10000100881.jpg||Pistazie und Pistazienerzeugnisse;Senf- und Senfderivate;Milch und Milchderivate|Zutaten: Truthahnfleisch (73 %), Wasser, Hähnchenfett, Speisesalz, Glukosesirup, Maltodextrin, Calciumcarbonat, Gewürze, Gewürzextrakte, Vitamine (Vitamin E, Niacin, Calcium-D-Pantothenat, Vitamin B6, Thiamin, Folsäure, Biotin), Stabilisator: Natriumcitrate; Verdickungsmittel: Guarkernmehl; Antioxidationsmittel: Ascorbinsäure; Konservierungsstoff: Natriumnitrit; Kaliumiodat. Kann Spuren von PISTAZIEN, MILCHEIWEISS und SENF enthalten.|0|0|0|0|0|0|||Brüh- & Bratwurst / Wiener|keine Altersfreigabe|WESTFAELISCHE FLEISCH-, RAVENSBERGER STR. 15, 48336 SASSENBERG/FUECHTORF, Deutschland|1|100|g|100|Stück|3|1|FF Mini Geflügel 100|624|Deutschland|||||||||||||||0 bis + 7 °C|Frische|50||624W0353||||cls_de_cc_310100|
4006229701212|449177|ST|Chambelle Gourmet-Salami|Chambelle Gourmet-Salami 80 g|Reinert|5||25.0 g||330 kcal|1371 KJ|25.0 g|10.0 g|||0.5 g|1.0 g||4.0 g||4006229701212_20000069711.jpg;39568935.jpg|Laktose|Senf- und Senfderivate|Zutaten: Schweinefleisch, 5% CAMEMBERT, Speisesalz, Glucosesirup, Gewürze, Antioxidationsmittel: Natriumascorbat; Konservierungsstoff: Natriumnitrit; Reifekulturen. Kann Spuren von SENF enthalten. 100g Chambelle Salami werden aus 135g Schweinefleisch hergestellt.|0|0|0|0|0|0|||Salami & Paprikawurst|keine Altersfreigabe|H&E REINERT WESTFAELISCHE, MITTEL-LOXTEN 37, 33775 VERSMOLD, Deutschland|1|80|g|100|Stück|3|1|CHAMBELLE 80 G|624|Deutschland|||||||||||||||+5 bis +7 °C|Frische|50||624W0100||||cls_de_cc_310100|
4004860003016|1063623|ST|Hähnchenbrustschnitzel, tiefgekühlt|Sprehe Hähnchenschnitzel  500 gr. paniert|Sprehe|5||17.0 g||140 kcal|591 KJ|1.5 g|0.5 g|||1.0 g|14.0 g||1.5 g||4004860003016_20000186805.jpg|Weizen und Weizenderivate||Zutaten: Hähnchenbrustfilet 72%, Paniermehl 20% (WEIZENMEHL (GLUTEN), Wasser, Speisesalz, Hefe), Wasser, Speisesalz, Glukosesirup, Würze und Gewürze.|0|0|0|0|0|0|||""|keine Altersfreigabe|SPREHE GEFLUEGEL-U.TIEFK., HEINRICH-BECKERMANN-STRASSE 8, 49692 CAPPELN, Deutschland|1|0.5|kg|1|Stück|5|1|Hähnchen-Filet 500g|632|Deutschland||||||||||||||Regeln der guten Küchenhygiene beachten: Rohes Fleisch nicht in Kontakt mit anderen Lebensmitteln bringen. Tropfsaft sorgfältig entsorgen. Geschirr und Hände gründlich reinigen. Nicht zum Rohverzehr geeignet. Geflügelfleisch nur völlig durchgegart verzehren! Nach dem Auftauen nicht wieder einfrieren.|-99 bis -18 °C|Tiefkühl|50||632W2300||||cls_de_cc_430700|
4004980807105|1529898|ST|Erdnüsse, gesalzen + 50g|ültje Erdnüsse gesalzen, 200g +50g Dose|Ültje|5|8.2 g|24.0 g|27.0 g|619 kcal|2562 KJ|51.0 g|7.8 g|||5.2 g|11.0 g|16.0 g|1.0 g||4004980807105_1561786.jpg|Erdnüsse und Erdnussderivate|Nüsse und Nussderivate. (Kann Mandeln, Haselnüsse, Walnüsse, Cashewnüsse etc. einschließen)|Zutaten: ERDNUSSKERNE, Sonnenblumenöl, Salz. Kann Spuren von SCHALENFRÜCHTEN enthalten.|0|0|0|0|0|0|||Salzige Nüsse||UELTJE GMBH, , 58207 SCHWERTE, Deutschland|1|250|g|100|Stück|7|1|ÜLT.ERDNÜSSE GESALZ.|615|Deutschland||||||||||||||Warnung: Kleine Kinder können an Nüssen ersticken.|ungekühlt|Trocken|50||615W0700||||cls_de_cc_581900|
4004980806405|1446594|ST|Erdnüsse, ohne Salz|ültje Erdnüsse, geröstet ohne Salz, 200g Dose|Ültje|5|8.3 g|25.0 g|27.0 g|626 kcal|2592 KJ|52.0 g|7.9 g|||5.3 g|11.0 g|17.0 g|0.05 g||4004980806405_1710525.jpg|Erdnüsse und Erdnussderivate|Nüsse und Nussderivate. (Kann Mandeln, Haselnüsse, Walnüsse, Cashewnüsse etc. einschließen)|Zutaten: ERDNUSSKERNE, Sonnenblumenöl. Kann Spuren von SCHALENFRÜCHTEN enthalten.|0|0|0|0|0|0|||Salzige Nüsse||UELTJE GMBH, , 58207 SCHWERTE, Deutschland|1|200|g|100|Stück|7|1|ÜLTJE ERDN.O.SALZ200|615|Deutschland||||||||||||||Warnung: Kleine Kinder können an Nüssen ersticken.|ungekühlt|Trocken|50||615W0700||||cls_de_cc_581900|
4001475105609|1049292|ST|Alpenjodsalz mit Fluorid + Folsäure|BRH AlpenJodSalz + Fluorid + Folsäure 500g Paket|Bad Reichenhaller|5|0.0 g|0.0 g||0 kcal|0 KJ|0.0 g|0.0 g|||0.0 g|0.0 g||99.9 g||4001475105609_1662347.jpg|Keine kennzeichnungspflichtigen Allergene entsprechend der zielmarktspezifischen Vorschriften enthalten|Keine kennzeichnungspflichtigen Allergene entsprechend der zielmarktspezifischen Vorschriften enthalten|Zutaten: Siedesalz, Kaliumfluorid, Folsäure, Kaliumjodat, Trennmittel Natriumferrocyanid.|0|0|0|0|0|0|||""|keine Altersfreigabe|SÜDWESTDEUTSCHE, SALZGRUND 67, 74076 HEILBRONN, Deutschland|1|0.5|kg|1|Stück|4|1|JODSALZ M.FLUOR.FOLS|620|Deutschland||||||||||||||Nur für die Haushalt.|ungekühlt|Trocken|50||620W4650||||cls_de_cc_530400|
4005500301004|276037|ST|Flüssige Würze|MAGGI Würze 1000g|Maggi|5|0.0 g|18.6 g||116 kcal|495 KJ|0.0 g|0.0 g|||6.2 g|9.3 g||24.1 g||39568268.jpg;4005500301004_1848956.jpg;4005500301004_2028089.jpg;4005500301004_2028131.jpg;4005500301004_2028148.jpg;4005500301004_2028149.jpg;4005500301004_2028151.jpg|Weizen und Weizenderivate;Glutenhaltige Cerealien und ihre Derivate||Zutaten: pflanzliches Eiweiß, biologisch aufgeschlossen (Wasser, WEIZENPROTEIN, Salz), Wasser, Aromen (mit WEIZEN), Geschmacksverstärker (Mononatriumglutamat, Dinatriuminosinat), Salz, Zucker.|0|0|0|0|0|0|||Universelle Würze||MAGGI GMBH, LYONER STR. 23, 60528 FRANKFURT, Deutschland|0|810|ml|100|Stück|4|1|Mag. Würze 810ml|620|Deutschland|||||||||||||||ungekühlt|Trocken|50||620W3260||||cls_de_cc_530500|
40081908|4448|ST|Mildes Weinsauerkraut, 6 Portionen|MILDESSA MILDES WEINSAUERKRAUT 850 ml Dose, 6 Portionen|Mildessa|5|2.5 g|1.5 g||22 kcal|91 KJ|0.1 g|0.09 g|||1.7 g|1.9 g||1.1 g||40081908_1391468.jpg;35244928.jpg;40081908_1852139.jpg|Keine kennzeichnungspflichtigen Allergene entsprechend der zielmarktspezifischen Vorschriften enthalten||Zutaten: Weißkohl, Wein, Salz.|0|0|0|0|0|0|||Sauerkraut||HENGSTENBERG GMBH + CO., METTINGER STR. 109, 73728 ESSLINGEN, Deutschland|1|0.77|kg|1|Stück|10|1|HEN.MILDESSA 850ML|610|Deutschland|||||||||||||||ungekühlt|Trocken|50||610W2000||||cls_de_cc_510100|
4045800302264|4183862|ST|Brotaufstrich, Heringssalat||Popp|5||7.2 g||246 kcal|1022 KJ|19.7 g|2.2 g|||7.5 g|9.2 g||1.98 g||4045800302264_492356.jpg|Sellerie und Selleriederivate;Eier und Eiderivate;Fisch und Fischderivate;Hering und Heringderivate;Senf- und Senfderivate||Zutaten: HERING (Clupea harengus gefangen in der Norwegischen See und Nordsee mit Ringwaden und Pelagischen Scherbrettnetzen) ohne Haut 40 %, Rapsöl, Wasser, Gurken, Rote Bete 8 %, SELLERIE, Zwiebeln, Zucker, Äpfel, EIGELB, Gewürze, Speisesalz, SENFSAAT, Maisstärke, modifizierte Maisstärke, Branntweinessig, Säureregulator: Natriumacetate; Dextrose, Maltodextrin, Verdickungsmittel: Guarkernmehl, Xanthan, Johannisbrotkernmehl; Konservierungsstoffe: Kaliumsorbat, Natriumbenzoat; Rote Betesaftkonzentrat, Aroma.|0|0|0|0|0|0|||""||POPP FEINKOST, CARL-BENZ-STR. 3, 24568 KALTENKIRCHEN, Deutschland|1|150|g|100|Stück|10|1|Brotaufstr. Herings.|623|Deutschland|||||||||||||||+5 bis +7 °C|Frische|50||623W0900||||cls_de_cc_560400|
4306188047018|6903649|ST|Napoli-Sauce|JT Sauce Napoli 420 g Glas|Jeden Tag|5|0.0 g|1.1 g||46 kcal|194 KJ|1.3 g|0.1 g|||3.4 g|6.4 g||0.89 g||4306188047018_822062.jpg|Sellerie und Selleriederivate|Pistazie und Pistazienerzeugnisse;Krebstiere und ihre Derivate;Walnuss und Walnusserzeugnisse;Fisch und Fischderivate;Senf- und Senfderivate;Milch und Milchderivate;Nüsse und Nussderivate. (Kann Mandeln, Haselnüsse, Walnüsse, Cashewnüsse etc. einschließen);Mandeln und Mandelerzeugnisse;Kaschunuss und Kaschunusserzeugnisse;Schwefeldioxid und Sulfite;Haselnuss und Haselnusserzeugnisse;Weichtiere und Weichtierderivate;Macadamianuss und Macadamianusserzeugnisse;Pecannuss und Pecannusserzeugnisse;Queenslandnuss und Queenslandnusserzeugnisse;Paranuss und Paranusserzeugnisse|Zutaten: 84 % Tomaten, Zwiebeln, Karotten, modifizierte Maisstärke, SELLERIE, Speisesalz, Zucker, Sonnenblumenöl, Weißwein, natürliche Aromen, 0,1 %  Kräuter. Kann Spuren von MILCH, WEICHTIEREN, FISCHEN, SCHALENFRÜCHTEN, SENF, KREBSTIEREN und SCHWEFELDIOXID enthalten.|0|0|0|0|0|0|||Pastasoßen & Pesto||ZENTRALE HANDELSGESELL-, HANNS-MARTIN-SCHLEYER- STR. 2, 77656 OFFENBURG, Deutschland|1|0.4|l|1|Stück|10|1|JT Sauce Napoli|620|Italien|||||||||||||||ungekühlt|Trocken|50||620W4900||||cls_de_cc_530100|
7613034581266|4229800|ST|Katzenfutter Gourmet Mon Petit, Geflügel|PURINA GOURMET MON PETIT MON PETIT Gefluegel 6x50g|Purina|5|||||||||||||||7613034581266_1928902.jpg;7613034581266_1722106.jpg;7613034581266_1895711.jpg;7613034581266_1908890.jpg||||0|0|0|0|0|0|||""|keine Altersfreigabe|NESTLE PURINA PETCARE, ALBERT-LATZ-STR. 6, 53879 EUSKIRCHEN, Deutschland|1|300|g|100|Stück|11|0|Mon Petit Geflügel|629|Frankreich|||||||||||||||ungekühlt|Trocken|50||629W0220||||cls_de_cc_FB0100|
4251276201233|5473059|ST|Kaustange mit Entenbrust|Kaustange mit Hühnerbrust 200 g|Dokas|5|||||||||||||||4251276201233_1239602.jpg||||0|0|0|0|0|0|||""|keine Altersfreigabe|Dokas Handelsgesellschaft, Leimkugelstraße 7, 45141 Essen, Deutschland|0|200|g|100|Stück|11|1|Kaustange 200g|629|Deutschland|||||||||||||||ungekühlt|Trocken|50|Altersstufe#Gewicht ab#Gewicht bis#min. Fütterungsmenge#max. Fütterungsmenge#Fütterungsmenge#Fütterungshäufigkeit<n>##5.0 kg###3.0 Stück#Tägliche Fütterungsempfehlung<n>##3.0 kg###2.0 Stück#Tägliche Fütterungsempfehlung<n>##4.0 kg###2.5 Stück#Tägliche Fütterungsempfehlung629W0201 Katze nass Beutel|629W2200||||cls_de_cc_FB0200|
4022679116284|3400157|ST|Venenbalsam|SL Venen Balsam|Súnlife|16|||||||||||||||||||0|0|0|0|0|0|||Wohlbefinden & Stärkung|keine Altersfreigabe|SUNLIFE PRODUTIONS- UND, SCHIERBUSCH 3, 33161 HOEVELHOF, Deutschland|1|100|ml|100|Stück|13|0|Venenbalsam 100ml|625|Deutschland||||||||||||Aqua, Glycine Soja Oil, Cetearyl Alcohol, Glycerin, Propylene Glycol, Sodium Cetearyl Sulfate, Aesculus Hippocastanum Seed Extract, Vitis Vinifera Leaf Extract, Parfum, Menthol, Camphor, Geraniol, Linalool, Citronellol, Hexyl Cinnamal, Limonene, Tocopheryl Acetate, Phenoxyethanol, Decylene Glycol, Glucose, Lactic Acid, Caramel, Potassium Sorbate, Sodium Benzoate, Sodium Hydroxide|||ungekühlt|Trocken|50||625W0401||||cls_de_cc_K50200|