sales_unit_key,store_name
sales_unit_0,EIN
sales_unit_1,EIN
sales_unit_2,EIN
sales_unit_3,EIN
sales_unit_4,EIN
sales_unit_5,EIN
sales_unit_6,EIN
sales_unit_0,KMD
sales_unit_1,KMD
sales_unit_2,KMD
sales_unit_3,KMD
sales_unit_4,KMD
sales_unit_5,KMD
sales_unit_6,KMD
sales_unit_0,LPZ
sales_unit_1,LPZ
sales_unit_2,LPZ
sales_unit_3,LPZ
sales_unit_4,LPZ
sales_unit_5,LPZ
sales_unit_6,LPZ
sales_unit_0,HAD
sales_unit_1,HAD
sales_unit_2,HAD
sales_unit_3,HAD
sales_unit_4,HAD
sales_unit_5,HAD
sales_unit_6,HAD
